date,arxiv_id
2026-02-02,2601.22275
2026-02-02,2601.22379
2026-02-02,2601.22436
2026-02-02,2601.22574
2026-02-02,2601.22588
2026-02-02,2601.22607
2026-02-02,2601.22615
2026-02-02,2601.22628
2026-02-02,2601.22630
2026-02-02,2601.22679
2026-02-02,2601.22795
2026-02-02,2601.22813
2026-02-02,2601.22837
2026-02-02,2601.22887
2026-02-02,2601.22904
2026-02-02,2601.22925
2026-02-02,2601.22954
2026-02-02,2601.22966
2026-02-02,2601.22975
2026-02-02,2601.23000
2026-02-02,2601.23014
2026-02-02,2601.23161
2026-02-02,2601.23184
2026-02-02,2601.23188
2026-02-02,2601.23224
2026-02-02,2601.23228
2026-02-02,2601.23261
2026-02-02,2601.23265
2026-02-02,2601.23280
2026-02-02,2601.23286
2026-02-03,2602.00743
2026-02-03,2602.00807
2026-02-03,2602.01031
2026-02-03,2602.01058
2026-02-03,2602.01148
2026-02-03,2602.01150
2026-02-03,2602.01203
2026-02-03,2602.01382
2026-02-03,2602.01630
2026-02-03,2602.01642
2026-02-03,2602.01801
2026-02-03,2602.02092
2026-02-03,2602.02185
2026-02-03,2602.02214
2026-02-03,2602.02227
2026-02-03,2602.02276
2026-02-03,2602.02338
2026-02-03,2602.02380
2026-02-03,2602.02393
2026-02-03,2602.02408
2026-02-03,2602.02437
2026-02-03,2602.02473
2026-02-03,2602.02474
2026-02-03,2602.02475
2026-02-03,2602.02477
2026-02-03,2602.02482
2026-02-03,2602.02486
2026-02-03,2602.02488
2026-02-03,2602.02493
2026-02-03,2602.02495
2026-02-04,2602.02276
2026-02-04,2602.02488
2026-02-04,2602.02593
2026-02-04,2602.02710
2026-02-04,2602.03001
2026-02-04,2602.03096
2026-02-04,2602.03143
2026-02-04,2602.03279
2026-02-04,2602.03310
2026-02-04,2602.03359
2026-02-04,2602.03361
2026-02-04,2602.03411
2026-02-04,2602.03419
2026-02-04,2602.03442
2026-02-04,2602.03445
2026-02-04,2602.03560
2026-02-04,2602.03587
2026-02-04,2602.03619
2026-02-04,2602.03635
2026-02-04,2602.03647
2026-02-04,2602.03708
2026-02-04,2602.03719
2026-02-04,2602.03733
2026-02-04,2602.03747
2026-02-04,2602.03786
2026-02-04,2602.03793
2026-02-04,2602.03806
2026-02-04,2602.03828
2026-02-04,2602.03837
2026-02-04,2602.03845
2026-02-05,2602.03907
2026-02-05,2602.03922
2026-02-05,2602.03979
2026-02-05,2602.04089
2026-02-05,2602.04145
2026-02-05,2602.04210
2026-02-05,2602.04220
2026-02-05,2602.04315
2026-02-05,2602.04476
2026-02-05,2602.04515
2026-02-05,2602.04634
2026-02-05,2602.04649
2026-02-05,2602.04669
2026-02-05,2602.04705
2026-02-05,2602.04770
2026-02-05,2602.04789
2026-02-05,2602.04802
2026-02-05,2602.04804
2026-02-05,2602.04811
2026-02-05,2602.04816
2026-02-05,2602.04837
2026-02-05,2602.04843
2026-02-05,2602.04851
2026-02-05,2602.04870
2026-02-05,2602.04873
2026-02-05,2602.04876
2026-02-05,2602.04877
2026-02-05,2602.04879
2026-02-05,2602.04883
2026-02-05,2602.04884
2026-02-06,2602.05014
2026-02-06,2602.05192
2026-02-06,2602.05258
2026-02-06,2602.05293
2026-02-06,2602.05327
2026-02-06,2602.05393
2026-02-06,2602.05400
2026-02-06,2602.05688
2026-02-06,2602.05711
2026-02-06,2602.05842
2026-02-06,2602.05853
2026-02-06,2602.05871
2026-02-06,2602.05885
2026-02-06,2602.05892
2026-02-06,2602.05897
2026-02-06,2602.05951
2026-02-06,2602.05975
2026-02-06,2602.05986
2026-02-06,2602.06019
2026-02-06,2602.06025
2026-02-06,2602.06028
2026-02-06,2602.06034
2026-02-06,2602.06035
2026-02-06,2602.06036
2026-02-06,2602.06037
2026-02-06,2602.06038
2026-02-06,2602.06039
2026-02-06,2602.06040
2026-02-06,2602.06041
2026-02-06,2602.06043
2026-02-09,2602.05847
2026-02-09,2602.06052
2026-02-09,2602.06056
2026-02-09,2602.06079
2026-02-09,2602.06176
2026-02-09,2602.06183
2026-02-09,2602.06339
2026-02-09,2602.06346
2026-02-09,2602.06391
2026-02-09,2602.06422
2026-02-09,2602.06521
2026-02-09,2602.06540
2026-02-09,2602.06554
2026-02-09,2602.06556
2026-02-09,2602.06584
2026-02-09,2602.06654
2026-02-09,2602.06724
2026-02-09,2602.06820
2026-02-09,2602.06855
2026-02-09,2602.06862
2026-02-09,2602.06871
2026-02-09,2602.06880
2026-02-09,2602.06886
2026-02-09,2602.06932
2026-02-09,2602.06948
2026-02-09,2602.06949
2026-02-09,2602.06959
2026-02-09,2602.06960
2026-02-09,2602.06964
2026-02-09,2602.06965
2026-02-10,2602.07145
2026-02-10,2602.07451
2026-02-10,2602.07712
2026-02-10,2602.07803
2026-02-10,2602.07824
2026-02-10,2602.07854
2026-02-10,2602.08071
2026-02-10,2602.08145
2026-02-10,2602.08222
2026-02-10,2602.08234
2026-02-10,2602.08354
2026-02-10,2602.08387
2026-02-10,2602.08426
2026-02-10,2602.08503
2026-02-10,2602.08620
2026-02-10,2602.08626
2026-02-10,2602.08676
2026-02-10,2602.08683
2026-02-10,2602.08794
2026-02-10,2602.08829
2026-02-10,2602.08961
2026-02-10,2602.08971
2026-02-10,2602.08984
2026-02-10,2602.08990
2026-02-10,2602.09000
2026-02-10,2602.09003
2026-02-10,2602.09006
2026-02-10,2602.09021
2026-02-10,2602.09022
2026-02-10,2602.09024
2026-02-11,2602.09057
2026-02-11,2602.09082
2026-02-11,2602.09084
2026-02-11,2602.09316
2026-02-11,2602.09383
2026-02-11,2602.09439
2026-02-11,2602.09524
2026-02-11,2602.09580
2026-02-11,2602.09609
2026-02-11,2602.09823
2026-02-11,2602.09843
2026-02-11,2602.09850
2026-02-11,2602.09856
2026-02-11,2602.09877
2026-02-11,2602.09878
2026-02-11,2602.09901
2026-02-11,2602.09934
2026-02-11,2602.09999
2026-02-11,2602.10016
2026-02-11,2602.10085
2026-02-11,2602.10090
2026-02-11,2602.10094
2026-02-11,2602.10095
2026-02-11,2602.10098
2026-02-11,2602.10099
2026-02-11,2602.10102
2026-02-11,2602.10104
2026-02-11,2602.10113
2026-02-11,2602.10116
2026-02-11,2602.10117
2026-02-12,2602.10161
2026-02-12,2602.10177
2026-02-12,2602.10388
2026-02-12,2602.10410
2026-02-12,2602.10445
2026-02-12,2602.10455
2026-02-12,2602.10551
2026-02-12,2602.10556
2026-02-12,2602.10560
2026-02-12,2602.10604
2026-02-12,2602.10693
2026-02-12,2602.10718
2026-02-12,2602.10764
2026-02-12,2602.10815
2026-02-12,2602.10825
2026-02-12,2602.10885
2026-02-12,2602.10959
2026-02-12,2602.10999
2026-02-12,2602.11000
2026-02-12,2602.11021
2026-02-12,2602.11073
2026-02-12,2602.11089
2026-02-12,2602.11124
2026-02-12,2602.11136
2026-02-12,2602.11137
2026-02-12,2602.11139
2026-02-12,2602.11146
2026-02-12,2602.11149
2026-02-12,2602.11150
2026-02-12,2602.11154
2026-02-13,2602.11185
2026-02-13,2602.11220
2026-02-13,2602.11236
2026-02-13,2602.11401
2026-02-13,2602.11598
2026-02-13,2602.11683
2026-02-13,2602.11757
2026-02-13,2602.11761
2026-02-13,2602.11832
2026-02-13,2602.11858
2026-02-13,2602.11964
2026-02-13,2602.12036
2026-02-13,2602.12056
2026-02-13,2602.12092
2026-02-13,2602.12125
2026-02-13,2602.12128
2026-02-13,2602.12153
2026-02-13,2602.12192
2026-02-13,2602.12205
2026-02-13,2602.12237
2026-02-13,2602.12259
2026-02-13,2602.12262
2026-02-13,2602.12268
2026-02-13,2602.12271
2026-02-13,2602.12275
2026-02-13,2602.12276
2026-02-13,2602.12278
2026-02-13,2602.12279
2026-02-13,2602.12280
2026-02-13,2602.12281
2026-02-16,2511.13494
2026-02-16,2602.12316
2026-02-16,2602.12322
2026-02-16,2602.12461
2026-02-16,2602.12529
2026-02-16,2602.12556
2026-02-16,2602.12587
2026-02-16,2602.12618
2026-02-16,2602.12652
2026-02-16,2602.12662
2026-02-16,2602.12670
2026-02-16,2602.12675
2026-02-16,2602.12684
2026-02-16,2602.12691
2026-02-16,2602.12705
2026-02-16,2602.12735
2026-02-16,2602.12796
2026-02-16,2602.12829
2026-02-16,2602.12916
2026-02-16,2602.12978
2026-02-16,2602.12984
2026-02-16,2602.13059
2026-02-16,2602.13106
2026-02-16,2602.13166
2026-02-16,2602.13172
2026-02-16,2602.13185
2026-02-16,2602.13191
2026-02-16,2602.13194
2026-02-16,2602.13195
2026-02-16,2602.13197
2026-02-17,2602.13344
2026-02-17,2602.13515
2026-02-17,2602.13517
2026-02-17,2602.13595
2026-02-17,2602.13680
2026-02-17,2602.13718
2026-02-17,2602.13738
2026-02-17,2602.13823
2026-02-17,2602.13836
2026-02-17,2602.13949
2026-02-17,2602.13964
2026-02-17,2602.13993
2026-02-17,2602.14021
2026-02-17,2602.14041
2026-02-17,2602.14134
2026-02-17,2602.14178
2026-02-17,2602.14186
2026-02-17,2602.14234
2026-02-17,2602.14296
2026-02-17,2602.14299
2026-02-17,2602.14457
2026-02-17,2602.14529
2026-02-17,2602.14534
2026-02-17,2602.14582
2026-02-17,2602.14615
2026-02-17,2602.14751
2026-02-17,2602.14903
2026-02-17,2602.14941
2026-02-17,2602.15030
2026-02-17,2602.15031
2026-02-18,2602.15060
2026-02-18,2602.15200
2026-02-18,2602.15278
2026-02-18,2602.15287
2026-02-18,2602.15322
2026-02-18,2602.15327
2026-02-18,2602.15368
2026-02-18,2602.15383
2026-02-18,2602.15384
2026-02-18,2602.15397
2026-02-18,2602.15491
2026-02-18,2602.15516
2026-02-18,2602.15521
2026-02-18,2602.15539
2026-02-18,2602.15564
2026-02-18,2602.15620
2026-02-18,2602.15654
2026-02-18,2602.15725
2026-02-18,2602.15733
2026-02-18,2602.15734
2026-02-18,2602.15763
2026-02-18,2602.15772
2026-02-18,2602.15799
2026-02-18,2602.15811
2026-02-18,2602.15814
2026-02-18,2602.15816
2026-02-18,2602.15819
2026-02-18,2602.15823
2026-02-18,2602.15827
2026-02-18,2602.15828
2026-02-19,2602.15872
2026-02-19,2602.15882
2026-02-19,2602.15922
2026-02-19,2602.15989
2026-02-19,2602.16008
2026-02-19,2602.16052
2026-02-19,2602.16066
2026-02-19,2602.16173
2026-02-19,2602.16179
2026-02-19,2602.16284
2026-02-19,2602.16301
2026-02-19,2602.16340
2026-02-19,2602.16385
2026-02-19,2602.16444
2026-02-19,2602.16493
2026-02-19,2602.16603
2026-02-19,2602.16653
2026-02-19,2602.16666
2026-02-19,2602.16681
2026-02-19,2602.16682
2026-02-19,2602.16689
2026-02-19,2602.16699
2026-02-19,2602.16702
2026-02-19,2602.16704
2026-02-19,2602.16705
2026-02-19,2602.16711
2026-02-20,2602.16742
2026-02-20,2602.16802
2026-02-20,2602.16855
2026-02-20,2602.16891
2026-02-20,2602.16918
2026-02-20,2602.16928
2026-02-20,2602.16968
2026-02-20,2602.17004
2026-02-20,2602.17124
2026-02-20,2602.17196
2026-02-20,2602.17270
2026-02-20,2602.17363
2026-02-20,2602.17410
2026-02-20,2602.17465
2026-02-20,2602.17547
2026-02-20,2602.17584
2026-02-20,2602.17588
2026-02-20,2602.17594
2026-02-20,2602.17616
2026-02-20,2602.17634
2026-02-20,2602.17636
2026-02-20,2602.17639
2026-02-20,2602.17641
2026-02-20,2602.17650
2026-02-20,2602.17655
2026-02-20,2602.17658
2026-02-20,2602.17659
2026-02-20,2602.17663
2026-02-20,2602.17664
2026-02-20,2602.17665
2026-02-24,2602.18495
2026-02-24,2602.18532
2026-02-24,2602.18702
2026-02-24,2602.18710
2026-02-24,2602.18846
2026-02-24,2602.18873
2026-02-24,2602.18882
2026-02-24,2602.18887
2026-02-24,2602.19128
2026-02-24,2602.19161
2026-02-24,2602.19213
2026-02-24,2602.19313
2026-02-24,2602.19461
2026-02-24,2602.19526
2026-02-24,2602.19672
2026-02-24,2602.19810
2026-02-24,2602.19870
2026-02-24,2602.19895
2026-02-24,2602.19919
2026-02-24,2602.19969
2026-02-24,2602.20021
2026-02-24,2602.20052
2026-02-24,2602.20089
2026-02-24,2602.20117
2026-02-24,2602.20122
2026-02-24,2602.20152
2026-02-24,2602.20157
2026-02-24,2602.20159
2026-02-24,2602.20160
2026-02-24,2602.20161
2026-02-25,2602.20399
2026-02-25,2602.20423
2026-02-25,2602.20528
2026-02-25,2602.20566
2026-02-25,2602.20739
2026-02-25,2602.20794
2026-02-25,2602.20913
2026-02-25,2602.20937
2026-02-25,2602.20945
2026-02-25,2602.20951
2026-02-25,2602.20980
2026-02-25,2602.20995
2026-02-25,2602.21009
2026-02-25,2602.21015
2026-02-25,2602.21052
2026-02-25,2602.21053
2026-02-25,2602.21064
2026-02-25,2602.21105
2026-02-25,2602.21143
2026-02-25,2602.21158
2026-02-25,2602.21172
2026-02-25,2602.21186
2026-02-25,2602.21188
2026-02-25,2602.21189
2026-02-25,2602.21193
2026-02-25,2602.21195
2026-02-25,2602.21196
2026-02-25,2602.21198
2026-02-25,2602.21201
2026-02-25,2602.21204
2026-02-26,2602.21224
2026-02-26,2602.21341
2026-02-26,2602.21441
2026-02-26,2602.21497
2026-02-26,2602.21531
2026-02-26,2602.21534
2026-02-26,2602.21545
2026-02-26,2602.21552
2026-02-26,2602.21633
2026-02-26,2602.21677
2026-02-26,2602.21704
2026-02-26,2602.21760
2026-02-26,2602.21780
2026-02-26,2602.21810
2026-02-26,2602.21814
2026-02-26,2602.21818
2026-02-26,2602.21835
2026-02-26,2602.21854
2026-02-26,2602.21929
2026-02-26,2602.21967
2026-02-26,2602.22010
2026-02-26,2602.22056
2026-02-26,2602.22070
2026-02-26,2602.22094
2026-02-26,2602.22144
2026-02-26,2602.22150
2026-02-26,2602.22175
2026-02-26,2602.22190
2026-02-26,2602.22208
2026-02-26,2602.22212
2026-02-27,2602.22273
2026-02-27,2602.22437
2026-02-27,2602.22543
2026-02-27,2602.22576
2026-02-27,2602.22661
2026-02-27,2602.22675
2026-02-27,2602.22732
2026-02-27,2602.22765
2026-02-27,2602.22766
2026-02-27,2602.22897
2026-02-27,2602.22913
2026-02-27,2602.22953
2026-02-27,2602.23008
2026-02-27,2602.23058
2026-02-27,2602.23132
2026-02-27,2602.23152
2026-02-27,2602.23205
2026-02-27,2602.23225
2026-02-27,2602.23258
2026-02-27,2602.23259
2026-02-27,2602.23306
2026-02-27,2602.23330
2026-02-27,2602.23339
2026-02-27,2602.23349
2026-02-27,2602.23351
2026-02-27,2602.23358
2026-02-27,2602.23359
2026-02-27,2602.23360
2026-02-27,2602.23361
2026-02-27,2602.23363
